player_name,pid,has_nba_photo,basketball_reference_id,has_basketball_reference_photo,check_error
Aaron Gordon,203932,yes,,,
Ace Bailey,1642846,yes,,,
Ajay Mitchell,1642349,yes,,,
Al Harrington,1733,no,harrial01,yes,
Al Horford,201143,yes,,,
Al Jefferson,2744,yes,,,
Alex Sarr,1642259,yes,,,
Allan Houston,275,yes,,,
Allen Iverson,947,yes,,,
Alonzo Mourning,297,yes,,,
Alperen Sengun,1630578,yes,,,
Alvin Robertson,926,no,roberal01,yes,
Alvin Williams,1541,no,willial02,yes,
Amar'e Stoudemire,2405,yes,,,
Amen Thompson,1641708,yes,,,
Andray Blatche,101154,no,blatcan01,yes,
Andre Drummond,203083,yes,,,
Andre Iguodala,2738,yes,,,
Andre Miller,1889,yes,,,
Andrei Kirilenko,1905,no,kirilan01,yes,
Andrew Bogut,101106,yes,,,
Andrew Bynum,101115,no,bynuman01,yes,
Andrew Nembhard,1629614,yes,,,
Andrew Wiggins,203952,yes,,,
Andris Biedrins,2740,no,biedran01,yes,
Anfernee Hardaway,358,yes,,,
Antawn Jamison,1712,no,jamisan01,yes,
Anthony Black,1641710,yes,,,
Anthony Davis,203076,yes,,,
Anthony Edwards,1630162,yes,,,
Anthony Mason,193,yes,,,
Antoine Carr,156,no,carran01,yes,
Antoine Walker,952,yes,,,
Antonio Davis,213,no,davisan01,yes,
Antonio McDyess,686,yes,,,
Armen Gilliam,288,no,gilliar01,yes,
Arvydas Sabonis,717,no,sabonar01,yes,
Ausar Thompson,1641709,yes,,,
Austin Reaves,1630559,yes,,,
Ayo Dosunmu,1630245,yes,,,
Bam Adebayo,1628389,yes,,,
Baron Davis,1884,yes,,,
Ben Simmons,1627732,yes,,,
Ben Wallace,1112,yes,,,
Bennedict Mathurin,1631097,yes,,,
Benoit Benjamin,104,no,benjabe01,yes,
Bernard King,77264,yes,,,
Bilal Coulibaly,1641731,yes,,,
Billy Owens,182,no,owensbi01,no,
Blair Rasmussen,78656,no,rasmubl01,yes,
Blake Griffin,201933,yes,,,
Bo Outlaw,448,yes,,,
Bobby Portis,1626171,yes,,,
Bonzi Wells,1719,yes,,,
Boris Diaw,2564,yes,,,
Brad Daugherty,921,no,daughbr01,yes,
Brad Miller,1802,yes,,,
Bradley Beal,203078,yes,,,
Brandin Podziemski,1641764,yes,,,
Brandon Clarke,1629634,yes,,,
Brandon Ingram,1627742,yes,,,
Brandon Jennings,201943,yes,,,
Brandon Miller,1641706,yes,,,
Brandon Roy,200750,no,roybr01,yes,
Brent Barry,699,yes,,,
Brevin Knight,1510,yes,,,
Brian Grant,258,yes,,,
Brook Lopez,201572,yes,,,
Bryant Reeves,735,no,reevebr01,yes,
Buddy Hield,1627741,yes,,,
Cade Cunningham,1630595,yes,,,
Caris LeVert,1627747,yes,,,
Carlos Boozer,2430,no,boozeca01,yes,
Carmelo Anthony,2546,yes,,,
Caron Butler,2406,yes,,,
Cedric Ceballos,76,no,cebalce01,yes,
Cedric Coward,1642907,yes,,,
Charles Barkley,787,yes,,,
Charles Oakley,891,yes,,,
Charles Smith,293,no,smithch01,yes,
Charlie Villanueva,101111,yes,,,
Chauncey Billups,1497,yes,,,
Chet Holmgren,1631096,yes,,,
Chris Bosh,2547,yes,,,
Chris Kaman,2549,yes,,,
Chris Morris,356,no,morrich01,yes,
Chris Mullin,904,yes,,,
Chris Paul,101108,yes,,,
Chris Webber,185,yes,,,
Christian Laettner,363,no,laettch01,yes,
Christian Wood,1626174,yes,,,
CJ McCollum,203468,yes,,,
Clar. Weatherspoon,221,no,,no,No Basketball Reference player found for 'Clar. Weatherspoon'
Clifford Robinson,361,no,robincl02,yes,
Clint Capela,203991,yes,,,
Clyde Drexler,17,yes,,,
Coby White,1629632,yes,,,
Collin Gillespie,1631221,yes,,,
Collin Sexton,1629012,yes,,,
Cooper Flagg,1642843,yes,,,
Corey Maggette,1894,no,maggeco01,yes,
Cuttino Mobley,1749,yes,,,
D'Angelo Russell,1626156,yes,,,
Dale Davis,905,yes,,,
Damian Lillard,203081,yes,,,
Damon Stoudamire,757,yes,,,
Dan Majerle,105,yes,,,
Dana Barros,344,no,barroda01,yes,
Daniel Gafford,1629655,yes,,,
Danilo Gallinari,201568,yes,,,
Danny Granger,101122,yes,,,
Danny Manning,330,yes,,,
Darius Garland,1629636,yes,,,
Darrell	Armstrong,353,yes,,,
David Lee,101135,yes,,,
David Robinson,764,yes,,,
David Wesley,133,yes,,,
David West,2561,yes,,,
De'Aaron Fox,1628368,yes,,,
Deandre Ayton,1629028,yes,,,
DeAndre Jordan,201599,yes,,,
Dee Brown,244,no,brownde01,yes,
Dejounte Murray,1627749,yes,,,
DeMar DeRozan,201942,yes,,,
DeMarcus Cousins,202326,yes,,,
Deni Avdija,1630166,yes,,,
Dennis Rodman,23,yes,,,
Dereck Lively II,1641726,yes,,,
Derek Harper,157,no,harpede01,yes,
Derik Queen,1642852,yes,,,
Deron Williams,101114,yes,,,
Derrick Coleman,934,yes,,,
Derrick Favors,202324,yes,,,
Derrick McKey,365,no,mckeyde01,yes,
Derrick Rose,201565,yes,,,
Derrick White,1628401,yes,,,
Desmond Bane,1630217,yes,,,
Detlef Schrempf,96,no,schrede01,yes,
Devin Booker,1626164,yes,,,
Devin Harris,2734,yes,,,
Devin Vassell,1630170,yes,,,
Dikembe Mutombo,87,yes,,,
Dillon Brooks,1628415,yes,,,
Dino Radja,129,no,radjadi01,no,
Dirk Nowitzki,1717,yes,,,
Domantas Sabonis,1627734,yes,,,
Dominique Wilkins,1122,yes,,,
Donovan Clingan,1642270,yes,,,
Donovan Mitchell,1628378,yes,,,
Donte DiVincenzo,1628978,yes,,,
Donyell Marshall,923,no,marshdo01,yes,
Doug Christie,57,yes,,,
Draymond Green,203110,yes,,,
Drazen Petrovic,77845,no,petrodr01,yes,
Drew Gooden,2400,yes,,,
Dwight Howard,2730,yes,,,
Dwyane Wade,2548,yes,,,
Dylan Cardwell,1642928,yes,,,
Dyson Daniels,1630700,yes,,,
Eddie Jones,224,yes,,,
Elden Campbell,922,yes,,,
Elfrid Payton,203901,yes,,,
Elton Brand,1882,yes,,,
Emeka Okafor,2731,yes,,,
Eric Bledsoe,202339,yes,,,
Eric Murdock,785,no,murdoer01,no,
Erick Dampier,956,yes,,,
Ervin Johnson,911,no,johnser02,yes,
Evan Mobley,1630596,yes,,,
Franz Wagner,1630532,yes,,,
Fred VanVleet,1627832,yes,,,
Gary Payton,56,yes,,,
Gerald Wallace,2222,no,wallage01,yes,
Gheorghe Muresan,49,no,muresgh01,yes,
Giannis Antetokounmpo,203507,yes,,,
Gilbert Arenas,2240,yes,,,
Glen Rice,779,no,ricegl01,yes,
Glenn Robinson,299,no,robingl01,yes,
Goran Dragic,201609,yes,,,
Gordon Hayward,202330,yes,,,
Grant Hill,255,yes,,,
Grant Long,3,no,longgr01,yes,
Grayson Allen,1628960,yes,,,
Greg Monroe,202328,yes,,,
Hakeem Olajuwon,165,yes,,,
Harvey Grant,265,no,grantha01,yes,
Hassan Whiteside,202355,yes,,,
Hedo Turkoglu,2045,yes,,,
Hersey Hawkins,765,yes,,,
Horace Grant,270,no,grantho01,yes,
Hot Rod Williams,73,no,williho01,yes,
Immanuel Quickley,1630193,yes,,,
Isaiah Collier,1642268,yes,,,
Isaiah Hartenstein,1628392,yes,,,
Isaiah Rider,375,no,rideris01,yes,
Isaiah Thomas,202738,yes,,,
Isiah Thomas,78318,yes,,,
Ivica Zubac,1627826,yes,,,
Ja Morant,1629630,yes,,,
Jabari Parker,203953,yes,,,
Jabari Smith Jr.,1631095,yes,,,
Jaden McDaniels,1630183,yes,,,
Jaime Jaquez Jr.,1631170,yes,,,
Jakob Poeltl,1627751,yes,,,
Jalen Brunson,1628973,yes,,,
Jalen Duren,1631105,yes,,,
Jalen Green,1630224,yes,,,
Jalen Johnson,1630552,yes,,,
Jalen Rose,147,yes,,,
Jalen Suggs,1630591,yes,,,
Jalen Williams,1631114,yes,,,
Jamaal Magloire,2048,no,magloja01,yes,
Jamaal Tinsley,2224,yes,,,
Jamal Crawford,2037,yes,,,
Jamal Mashburn,469,no,mashbja01,yes,
Jamal Murray,1627750,yes,,,
James Harden,201935,yes,,,
James Worthy,1460,yes,,,
Jared Sullinger,203096,yes,,,
Jaren Jackson Jr.,1628991,yes,,,
Jarrett Allen,1628386,yes,,,
Jason Kidd,467,no,kiddja01,yes,
Jason Richardson,2202,no,richaja01,yes,
Jason Terry,1891,yes,,,
Jason Thompson,201574,yes,,,
Jason Williams,1715,yes,,,
Jay Huff,1630643,yes,,,
Jaylen Brown,1627759,yes,,,
Jaylon Tyson,1642281,yes,,,
Jayson Tatum,1628369,yes,,,
Jayson Williams,420,no,willija01,yes,
Jeff Green,201145,yes,,,
Jeff Hornacek,204,yes,,,
Jeff Teague,201952,yes,,,
Jerami Grant,203924,yes,,,
Jeremiah Fears,1642847,yes,,,
Jermaine O'Neal,979,no,onealje01,yes,
Jerome Kersey,760,no,kerseje01,yes,
Jerry Stackhouse,711,no,stackje01,yes,
Jim Jackson,754,yes,,,
Jimmy Butler,202710,yes,,,
Joakim Noah,201149,yes,,,
Joe Dumars,247,yes,,,
Joe Johnson,2207,yes,,,
Joe Smith,693,yes,,,
Joel Embiid,203954,yes,,,
John Collins,1628381,yes,,,
John Stockton,304,yes,,,
John Wall,202322,yes,,,
Jonas Valanciunas,202685,yes,,,
Jonathan Isaac,1628371,yes,,,
Jordan Poole,1629673,yes,,,
Josh Giddey,1630581,yes,,,
Josh Hart,1628404,yes,,,
Josh Howard,2572,yes,,,
Josh Smith,2746,yes,,,
Jrue Holiday,201950,yes,,,
Julian Champagnie,1630577,yes,,,
Julius Randle,203944,yes,,,
Jusuf Nurkic,203994,yes,,,
Juwan Howard,436,no,howarju01,yes,
Karl Malone,252,yes,,,
Karl-Anthony Towns,1626157,yes,,,
Kawhi Leonard,202695,yes,,,
Keegan Murray,1631099,yes,,,
Keith Van Horn,1496,yes,,,
Kel'el Ware,1642276,yes,,,
Keldon Johnson,1629640,yes,,,
Kelly Oubre Jr.,1626162,yes,,,
Kemba Walker,202689,yes,,,
Ken Norman,80,no,normake01,yes,
Kendall Gill,383,yes,,,
Kenneth Faried,202702,yes,,,
Kenny Anderson,72,no,anderke01,yes,
Kenny Thomas,1903,yes,,,
Kenyon Martin,2030,yes,,,
Kerry Kittles,954,yes,,,
Kevin Durant,201142,yes,,,
Kevin Garnett,708,yes,,,
Kevin Johnson,134,yes,,,
Kevin Love,201567,yes,,,
Kevin Martin,2755,yes,,,
Kevin McHale,1450,yes,,,
Kevin Porter Jr.,1629645,yes,,,
Kevin Willis,788,no,willike02,yes,
Keyonte George,1641718,yes,,,
Khris Middleton,203114,yes,,,
Kirk Hinrich,2550,yes,,,
Klay Thompson,202691,yes,,,
Kobe Bryant,977,yes,,,
Kon Knueppel,1642851,yes,,,
Kristaps Porzingis,204001,yes,,,
Kurt Thomas,703,no,thomaku01,yes,
Kyle Filipowski,1642271,yes,,,
Kyle Kuzma,1628398,yes,,,
Kyle Lowry,200768,yes,,,
Kyrie Irving,202681,yes,,,
Kyshawn George,1642273,yes,,,
Lamar Odom,1885,no,odomla01,yes,
LaMarcus Aldridge,200746,yes,,,
LaMelo Ball,1630163,yes,,,
LaPhonso Ellis,111,no,ellisla01,yes,
Larry Bird,1449,yes,,,
Larry Hughes,1716,no,hughela01,yes,
Larry Johnson,913,no,johnsla02,yes,
Larry Nance,77685,no,nancela01,yes,
Latrell Sprewell,84,no,sprewla01,yes,
Lauri Markkanen,1628374,yes,,,
LeBron James,2544,yes,,,
Lionel Simmons,1489,no,simmoli01,no,
Lonzo Ball,1628366,yes,,,
Lou Williams,101150,yes,,,
Luis Scola,2449,yes,,,
Luka Doncic,1629029,yes,,,
Luol Deng,2736,yes,,,
Magic Johnson,77142,yes,,,
Malcolm Brogdon,1627763,yes,,,
Manu Ginobili,1938,yes,,,
Marc Gasol,201188,yes,,,
Marcin Gortat,101162,yes,,,
Marcus Camby,948,yes,,,
Marcus Smart,203935,yes,,,
Mark Jackson,349,no,jacksma01,yes,
Mark Price,899,no,pricema01,yes,
Mark Williams,1631109,yes,,,
Marvin Bagley III,1628963,yes,,,
Matas Buzelis,1641824,yes,,,
Maxime Raynaud,1642875,yes,,,
Mehmet Okur,2246,no,okurme01,yes,
Metta World Peace,1897,yes,,,
Michael Adams,149,no,adamsmi01,yes,
Michael Beasley,201563,yes,,,
Michael Carter-Williams,203487,yes,,,
Michael Finley,714,no,finlemi01,yes,
Michael Jordan,893,yes,,,
Michael Olowokandi,1709,no,olowomi01,yes,
Michael Porter Jr.,1629008,yes,,,
Michael Redd,2072,no,reddmi01,yes,
Micheal Williams,52,no,willimi02,yes,
Mikal Bridges,1628969,yes,,,
Mike Bibby,1710,yes,,,
Mike Conley,201144,yes,,,
Mike Dunleavy,2399,yes,,,
Mike Miller,2034,yes,,,
Miles Bridges,1628970,yes,,,
Mitch Richmond,782,yes,,,
Mitchell Robinson,1629011,yes,,,
Mo Williams,2590,yes,,,
Monta Ellis,101145,yes,,,
Mookie Blaylock,302,yes,,,
Moussa Diabate,1631217,yes,,,
Muggsy Bogues,177,no,boguemu01,yes,
Myles Turner,1626167,yes,,,
Naji Marshall,1630230,yes,,,
Naz Reid,1629675,yes,,,
Neemias Queta,1629674,yes,,,
Nene Hilario,2403,yes,,,
Nerlens Noel,203457,yes,,,
Nic Claxton,1629651,yes,,,
Nick Anderson,98,yes,,,
Nick Van Exel,89,yes,,,
Nickeil Alexander-Walker,1629638,yes,,,
Nicolas Batum,201587,yes,,,
Nikola Jokic,203999,yes,,,
Nikola Mirotic,202703,yes,,,
Nikola Vucevic,202696,yes,,,
Norman Powell,1626181,yes,,,
O.J. Mayo,201564,yes,,,
OG Anunoby,1628384,yes,,,
Olden Polynice,178,no,polynol01,yes,
Oliver Miller,932,no,milleol01,yes,
Onyeka Okongwu,1630168,yes,,,
Orlando Woolridge,78615,no,woolror01,yes,
Otis Thorpe,901,yes,,,
P.J. Brown,136,yes,,,
P.J. Washington,1629023,yes,,,
Paolo Banchero,1631094,yes,,,
Pascal Siakam,1627783,yes,,,
Patrick Ewing,121,yes,,,
Pau Gasol,2200,yes,,,
Paul George,202331,yes,,,
Paul Millsap,200794,yes,,,
Paul Pierce,1718,yes,,,
Payton Pritchard,1630202,yes,,,
Peja Stojakovic,978,yes,,,
Pervis Ellison,442,no,ellispe01,no,
Peyton Watson,1631212,yes,,,
Pooh Richardson,71,no,richapo01,yes,
Precious Achiuwa,1630173,yes,,,
Raef LaFrentz,1711,yes,,,
Rajon Rondo,200765,yes,,,
Rashard Lewis,1740,no,lewisra02,yes,
Rasheed Wallace,739,yes,,,
Ray Allen,951,yes,,,
Raymond Felton,101109,yes,,,
Reed Sheppard,1642263,yes,,,
Reggie Lewis,77384,no,lewisre01,yes,
Reggie Miller,397,yes,,,
Reggie Theus,78310,no,theusre01,yes,
Reggie Williams,199,no,willire01,yes,
Reggie Williams,202130,yes,,,
Richard Hamilton,1888,no,hamilri01,yes,
Richard Jefferson,2210,yes,,,
Rick Fox,296,no,foxri01,yes,
Ricky Davis,1729,no,davisri01,no,
Ricky Rubio,201937,yes,,,
Rik Smits,22,no,smitsri01,yes,
RJ Barrett,1629628,yes,,,
Robert Covington,203496,yes,,,
Robert Horry,109,no,horryro01,yes,
Robert Pack,123,no,packro01,yes,
Robert Parish,305,yes,,,
Robert Williams III,1629057,yes,,,
Rod Strickland,393,yes,,,
Ron Harper,166,no,harpero01,yes,
Ron Mercer,1500,no,mercero01,yes,
Rony Seikaly,938,no,seikaro01,yes,
Roy Hibbert,201579,yes,,,
Roy Tarpley,78293,no,tarplro01,yes,
Rudy Gay,200752,yes,,,
Rudy Gobert,203497,yes,,,
Rui Hachimura,1629060,yes,,,
Russell Westbrook,201566,yes,,,
Ryan Rollins,1631157,yes,,,
Saddiq Bey,1630180,yes,,,
Sam Bowie,76217,no,bowiesa01,yes,
Sam Cassell,208,yes,,,
Sam Perkins,64,no,perkisa01,yes,
Samuel Dalembert,2223,yes,,,
Santi Aldama,1630583,yes,,,
Scott Skiles,101,no,skilesc01,yes,
Scottie Barnes,1630567,yes,,,
Scottie Pippen,937,yes,,,
Sean Elliott,251,no,elliose01,yes,
Sedale Threatt,9,no,threase01,yes,
Serge Ibaka,201586,yes,,,
Shaedon Sharpe,1631101,yes,,,
Shai Gilgeous-Alexander,1628983,yes,,,
Shane Battier,2203,no,battish01,yes,
Shaquille O'Neal,406,yes,,,
Shareef Abdur-Rahim,949,yes,,,
Shawn Bradley,762,yes,,,
Shawn Kemp,431,yes,,,
Shawn Marion,1890,no,mariosh01,yes,
Sherman Douglas,428,yes,,,
Spud Webb,892,no,webbsp01,yes,
Stephen Curry,201939,yes,,,
Stephen Jackson,1536,no,jacksst02,yes,
Stephon Castle,1642264,yes,,,
Stephon Marbury,950,yes,,,
Steve Francis,1883,yes,,,
Steve Nash,959,yes,,,
Steven Adams,203500,yes,,,
Steven Smith,120,yes,,,
T.J. Ford,2551,yes,,,
T.J. Warren,203933,yes,,,
Taj Gibson,201959,yes,,,
Tari Eason,1631106,yes,,,
Tayshaun Prince,2419,yes,,,
Terrell Brandon,210,yes,,,
Terry Cummings,187,no,cummite01,yes,
Terry Mills,371,yes,,,
Terry Porter,345,no,portete01,yes,
Terry Rozier,1626179,yes,,,
Thaddeus Young,201152,yes,,,
Theo Ratliff,689,yes,,,
Tim Duncan,1495,yes,,,
Tim Hardaway,896,no,hardati01,yes,
Tobias Harris,202699,yes,,,
Tom Chambers,1472,no,chambto01,yes,
Tom Gugliotta,339,no,guglito01,yes,
Toni Kukoc,389,yes,,,
Tony Campbell,76338,no,campbto01,no,
Tony Parker,2225,yes,,,
Toumani Camara,1641739,yes,,,
Tracy McGrady,1503,yes,,,
Trae Young,1629027,yes,,,
Tre Jones,1630200,yes,,,
Trevor Ariza,2772,yes,,,
Trey Murphy III,1630530,yes,,,
Tristan Thompson,202684,yes,,,
Troy Murphy,2211,yes,,,
Ty Lawson,201951,yes,,,
Tyler Herro,1629639,yes,,,
Tyreke Evans,201936,yes,,,
Tyrese Haliburton,1630169,yes,,,
Tyrese Maxey,1630178,yes,,,
Tyrone Corbin,895,no,corbity01,yes,
Tyrone Hill,238,no,hillty01,yes,
Tyson Chandler,2199,yes,,,
Victor Oladipo,203506,yes,,,
Victor Wembanyama,1641705,yes,,,
Vin Baker,452,no,bakervi01,yes,
Vince Carter,1713,yes,,,
VJ Edgecombe,1642845,yes,,,
Vlade Divac,124,yes,,,
Walker Kessler,1631117,yes,,,
Walt Williams,1005,yes,,,
Wayman Tisdale,47,no,tisdawa01,yes,
Wendell Carter Jr.,1628976,yes,,,
Willie Cauley-Stein,1626161,yes,,,
Wilson Chandler,201163,yes,,,
Yao Ming,2397,yes,,,
Zach Edey,1641744,yes,,,
Zach LaVine,203897,yes,,,
Zach Randolph,2216,yes,,,
Zion Williamson,1629627,yes,,,
Zydrunas Ilgauskas,980,yes,,,
